day,soil_moisture,pH,nitrogen,phosphorus,potassium
0,29.82327408158933,6.076682950680175,36.85557794350879,32.198319322155946,128.715599863653
1,29.209977940235746,6.740946422784207,48.01305460166848,21.212412300790326,149.80310382699233
2,29.382407874665795,6.571888255471699,51.14763622019545,23.496643087437597,116.22989623863
3,33.04729434100943,6.719916284439799,45.684392818382285,23.178999642883777,127.59905155060255
4,43.72349452766018,5.932171346722985,43.43472658241387,33.400280295696554,163.4182249655375
5,29.15903936394168,6.593447257639337,43.03711718708772,32.713942570700375,162.0758104055579
6,34.90626487829371,6.143670428024742,35.55105002591375,30.436526185224974,142.16246469226266
7,28.98236102048798,6.3808030242345914,38.95951765157104,33.359649326058985,129.64471381846093
8,31.946249275173283,6.660309469590915,53.35255620661065,23.60358608794006,129.45192896947978
9,30.28928438439619,6.527328081876774,32.45953595366499,29.742975599304902,142.53463508117372
10,29.28539571199154,6.244538006066204,52.91823032567881,27.37412785808418,162.89036983290583
11,30.345433851620555,6.501881946855326,37.42377476406353,32.23441051942457,168.56491382688648
12,26.258247695863,6.040539405426907,50.60345687276063,27.423878837239013,140.06936529036062
13,27.096465062180393,6.845080218769489,28.745479924019694,26.075285557949595,126.93015148030432
14,33.62143063183334,6.438414794151124,44.68723360931719,30.70454259280495,155.35687275732667
15,29.535886189527414,6.835564983276598,34.105838912419024,32.380845835956166,133.52930058748302
16,32.665029998970184,6.342040493871187,28.6778624646065,24.65827402576599,139.63494722277596
17,33.61260029238527,6.342927203478025,41.74827233928757,27.69462164323812,176.50552180874075
18,30.376102202881516,6.270743964008646,48.07577430876775,22.707796831791736,166.54230857131535
19,30.051688949888913,6.762852179507923,33.24046849125203,15.509694912535302,153.15948624502903
20,25.397884531694523,6.287170652801457,28.00787231633279,29.002298157068644,124.56161997774555
21,27.864652400531956,6.6933786297245526,39.26524188532036,31.04452678127316,154.22793134941318
22,35.552484995771856,6.385264280699213,39.300517369782554,29.310334045433628,171.25314581575054
23,36.6826739189508,5.907211010032514,44.38655702043599,18.252191411228164,142.4873266846893
24,28.46371236283042,6.32890577966406,47.59675657091591,26.245752849617627,177.0222817997343
25,27.805818844605746,6.146267535691146,39.524678549820045,16.908261199744594,175.85490579036414
26,24.741400379248425,6.510170817104702,54.844026518354106,34.84850553827093,183.27465664286947
27,30.145820512235066,6.142877679297653,41.79387795628234,22.569727089409568,156.10486253062706
28,26.45451394852039,6.777792530214385,37.2285879519448,34.27701804729948,161.74783399612025
29,29.0284937282223,6.472677241894091,27.107461127177377,32.729348218420725,178.2837457666218
30,32.64816533949995,6.4467212015723785,37.898723837470655,23.497048237319692,158.9478787413795
31,26.611230816827153,6.696767641336275,37.30890443671091,22.336075243661277,139.97531784419576
32,23.33942495450734,6.789172080222759,47.68243837025176,29.75185108193169,141.02914326944278
33,27.77799155623978,6.493970374469105,43.69986899253483,23.778379814084644,154.77109907547478
34,30.501919269997142,6.268639910135213,30.565047026939062,28.512423210791038,124.18877156107563
35,32.16669490844119,5.967809115166361,41.3780350912883,25.58586204596541,147.13482169271614
36,25.740900811095166,6.294185072889446,45.372249373832425,19.09420792767183,171.93094236460507
37,29.143398446473043,6.3148363260056115,52.22425087510266,16.847659904377707,106.17492297669438
38,27.169379086439896,6.532117235897689,47.10003173931248,29.133421242472984,180.6896420358903
39,27.83810329139173,6.396455935658592,46.08677323449182,25.192211268346874,172.44748437406318
40,33.28868669403407,6.706379891615429,40.48068795692131,25.234550915429338,140.80470768339046
41,24.944059343209695,6.316105018618793,43.106496043387594,31.479319195468925,160.86781655743619
42,35.41271481825496,6.482887649944117,49.99603920564927,33.86721138316222,150.06295453812652
43,43.21476864761084,6.8551962329590665,29.337780820162802,26.637276393190955,174.59980736877367
44,29.971572649878695,6.60254756418649,37.20448538226435,26.297006465450693,169.65366285539884
45,27.94596630694179,6.481988737493431,33.819450009950074,30.500715165569417,121.99858553633982
46,28.316101079008202,6.319416667419447,43.033224949809,21.21532215150212,161.74524826928354
47,26.866702865156416,6.310030580985507,49.8417774052063,29.115765273738486,145.88744292713506
48,28.138253882490215,6.2448160241144155,35.22420570623141,30.75942985911077,151.656651410362
49,26.86361544900518,6.33769794026513,20.877565060244496,31.401151042088145,135.4365619806037
50,31.243143779712103,6.726699751623294,36.70223403980424,18.316236487487675,184.9627413824167
51,29.210779327912732,6.433433518612319,47.30778985613925,24.193223650955296,170.80123639805151
52,30.65420078780437,6.095068079185631,44.301039223599034,23.608683735882668,135.20457672054064
53,40.136930447650414,7.030450787917935,43.425489982484606,28.499434772046065,123.30778786179535
54,32.05210050154434,6.5959895573435485,37.760053585004165,30.40372289883992,142.28654738044304
55,29.647212552823028,6.077916979846049,29.76775411024171,35.483552037229906,158.69005292182612
56,26.153935063586236,6.367445321827753,44.12235457299574,25.525172598159635,154.80411687892445
57,32.17384300142798,6.533265914848525,33.325745519723,25.512137508453932,175.06265649536488
58,27.788535398274764,7.011377627989213,57.47277386704365,33.74836009439373,165.79839444361704
59,28.24246732270236,6.167566262522339,44.56405766683613,29.482884692651524,169.39138051505813
60,28.308677411913017,6.792812215806784,35.35481357956839,34.33825755593987,156.53710801220873
61,32.198876186341636,6.919845928091703,35.108918020890975,29.44364001504918,122.2140253957802
62,25.128651572042607,6.311403708477629,39.25644634709129,22.214416906433645,146.08602937706198
63,35.62549706731999,6.41674591434193,38.083984623826005,21.334358226110968,171.2017947981733
64,31.412113618132103,6.189107225787869,48.93467020423964,20.242438754705354,148.96954142950707
65,29.69647782825832,6.438961657675908,41.491329357952374,31.310259173792367,160.06180737247493
66,29.090211998767426,6.489023007697121,34.146946088731774,33.94298411543504,143.62503369507735
67,29.721108149715313,6.697894999424711,55.12352548124626,37.2468107069319,129.4037630291631
68,30.14224485675868,6.827055041306134,40.39446665216178,32.2155266616162,147.53311871907778
69,30.340431171900114,6.275571180613506,46.15071740775117,33.81419288767493,156.18094886065307
70,30.111208932006896,5.909802480732202,35.134187940441926,25.099918336731577,136.88624561077114
71,29.129161362510498,6.493626566217127,42.90492502195619,22.21792091628072,145.28577510286664
72,28.505323159385345,6.588061258990592,42.48887992914556,32.250396662087766,131.21073516028034
73,28.54745343269298,6.574825306305512,24.882805663230776,30.088403761197004,172.38489835128192
74,28.410183439294638,6.401998025747287,56.122200883685124,28.537221871704464,144.11088484823932
75,31.017540193734128,6.537425629899181,50.325155687380374,29.93685740316495,179.05511090252367
76,29.887113444561724,6.954633442505674,36.8224374708321,29.61592741229103,180.57495701081817
77,22.769222730671437,6.614520250688753,31.181842076353156,34.41908429926781,148.37908070556512
78,29.911801553059522,6.387989472499075,42.780492910428414,34.47492792408478,129.831025349053
79,28.93947238943755,6.349940654871201,40.69358159531517,30.721101761701735,108.28204244533325
80,28.462582487108204,6.449044292696681,42.845351588505835,32.22901436281464,120.55925853946417
81,27.67296309382223,6.991021988549192,41.53261916955272,30.57031276212388,122.5233035020268
82,30.648225439972027,6.445009787142141,44.04992791444741,25.694151339826906,177.5693925492301
83,30.245052924245716,6.494061696643787,51.578445595134454,31.7828233745657,152.31649174453892
84,26.754244664352782,6.355305928719109,44.54482564102917,21.027524655703694,157.79209048183975
85,29.064104574249072,6.82969500723259,31.60275600872047,33.269457761479416,105.59157982129747
86,26.256686530917428,7.087951176423402,50.90050282169962,22.027385301169826,126.04067141565477
87,25.39076367042214,6.635183914829416,53.1249165079063,29.429016433973665,167.74159552892573
88,26.84656555082007,6.5248318711356275,65.21645387609668,23.774230207869206,155.73548224765173
89,29.77478694476552,6.511034849952271,31.012047734083218,30.766944915372132,147.05589442628806
90,29.906250090752174,5.784707963364276,41.9430561052022,27.830373870360457,161.29684717200246
91,28.976170840194584,6.723545259285445,23.343210374488102,20.026220209183336,182.7159561227163
92,29.350191573695994,6.540249924798753,44.425193251033676,30.103498155092396,145.579150729259
93,28.882356574229917,6.628502615198218,35.61439761466582,25.110396115836448,151.38739605316138
94,26.517036809554096,6.286561341774888,55.38756635859963,32.405733604066846,153.85193837462612
95,41.66418150305661,6.3846629363068725,33.80308023985135,28.006628443672035,197.84219270547985
96,29.300819050455363,6.376692519049048,26.486535696261907,29.97710492694019,108.01287471161949
97,29.158582659627147,6.806486895221911,36.229890074379846,23.21215522492394,163.66446029577617
98,29.977826742949286,6.386372049019072,24.1960978302629,25.05333884286319,147.70395502481873
99,28.96660769440213,7.124798096632939,46.00879563605848,25.706806819494577,161.3354345236836
100,30.702896415083167,6.629258725704511,23.479335629949436,32.283512401212775,136.8525489201055
101,32.090300476632855,6.11729520200128,40.22766064946527,36.386885439027445,149.020699382831
102,29.846957481501878,6.461436112024413,23.377505441150426,23.97414124128562,164.2282115893099
103,28.086250697544564,6.3044974633530755,37.437617563706866,33.3842407232884,212.2582040208768
104,29.47386607211247,5.8416852590539925,53.14702524643627,17.15161291137149,166.16072378804142
105,28.2601947103871,6.979841282034137,42.88518313148636,22.029052994538553,133.03868803938983
106,39.46308775471779,6.710942762666001,33.092051160280526,23.206107719066125,141.52480635954595
107,29.360962658568962,6.659962195369793,39.75037208848733,21.237456552796388,140.93171783232293
108,28.01516015800008,6.549621098089911,40.14413497635557,20.0820580510621,114.0871365473997
109,28.93407694072192,6.085394729392268,43.78104276674725,30.064994560688987,143.39819616597126
110,25.71277066609243,6.354914858133369,29.06513309375339,26.929661511360692,164.6565816364349
111,29.876587414745877,6.752534232435204,44.74053819077864,29.897026988025548,124.5153576184641
112,29.402410950724448,6.184633991065249,18.3648669471778,31.452363430607566,170.96965302101185
113,27.71582273786362,5.7404692051247554,34.96092358108952,29.32808496586267,159.75549642168676
114,30.61849133686481,6.431868197665723,36.093809260387644,31.28881588075187,135.31533356057923
115,31.125140275253116,6.457472733791739,45.06661460856991,27.652338568788654,147.16940725324307
116,25.98488027126205,6.540669024924413,40.18104682141495,22.06503305847128,181.96643615282068
117,34.8499126057487,6.718555593054361,28.75549556914971,33.28907090410398,164.67095627011733
118,27.561715300425405,6.691281743669363,32.12005499346388,25.054439336094365,150.17567309796294
119,27.17019379778227,6.577630941573177,41.589440076379255,23.32201850618787,145.24633366078032
120,38.3282269404927,6.858659416426013,39.36746126508355,27.11041062097801,151.5321814090332
121,28.56234772245439,6.044309065756005,35.36700712291403,23.435945403517437,139.76472884115393
122,28.370970317378777,6.651374544343217,36.15332968390417,25.91284809005284,107.9050098856197
123,24.842275271186494,6.687961509001083,45.569343977274315,29.720269607817333,190.84355821069462
124,30.070836060418454,6.128131314175928,35.858459417046284,29.741708696230635,153.10649998398802
125,26.271483210293056,6.049138817395283,39.29527004776742,23.510849667871852,157.96294530245075
126,41.70400004263407,6.27621736205732,57.35949270464434,25.56147313525628,148.84184500246184
127,29.20475387591638,6.301537567245412,28.610538904928617,33.37166502385122,135.29766398550825
128,31.321317191677302,6.726025839050729,25.18525814740273,30.482000588669706,146.2815103810246
129,25.932359201761777,6.3156383648926715,46.26871731838885,38.37532519674271,118.01210475611377
130,28.972148584074137,6.243095444515639,34.570855509647174,33.90064086870764,195.5417299610661
131,28.81769908950739,6.316509878991632,37.45409977805904,33.721465342799696,125.30976003155209
132,32.001022363021704,6.835589700246263,33.75074897495109,21.06065724772099,129.3606743230564
133,30.827892705878877,6.5039130123130855,37.9215988738599,31.819301758167114,141.194815912272
134,28.719318830549252,6.446224692392926,52.78830489677073,27.734465991515446,175.76151449704756
135,27.266727628735904,6.466998350389685,46.417027668944954,25.245090982308753,150.29017998525308
136,29.81424519327462,6.887618100297956,46.89778809509582,28.840076702662643,125.27728407939075
137,26.20290760059106,6.275248482019028,28.670183553658838,32.72605767305742,175.08676721514678
138,29.05271553871244,6.894652487282031,30.790770107577046,30.504157955021057,164.62001253570963
139,36.470529973138575,6.563148889676451,17.287370724116585,23.6076309932897,160.76869914432905
140,30.12041981499776,6.451874185407395,33.52495343133797,31.712294567963102,164.3146848234168
141,33.469320077822154,7.250270149380285,47.653625491085265,24.81206228962018,197.887238011649
142,28.684831934357533,6.1833081530604215,44.13557212598697,29.08341559482143,193.70189790072226
143,26.832072748585006,6.393894272129899,38.22789389638301,26.48324966261433,136.2656931399341
144,27.748851375616013,6.1302706282508,39.821597730255576,26.905668741321872,182.47769985622304
145,27.700897043348363,6.785738591160851,34.48891565939675,31.831214875202548,157.66336379517801
146,26.310573737821883,7.006756680095504,41.638071059214276,22.799031400920512,159.98191632275498
147,26.83143512377379,7.000976834421392,46.127026235844916,37.72597537138466,116.15458336713343
148,26.551823204130816,6.867184625943802,27.07290570071622,18.89456965352752,146.5922846922361
149,27.854709744067446,6.44071385966121,42.397181502698785,25.011661583725715,133.7435281932687
150,28.3551601352356,6.390427706753046,47.45947896763734,29.851059449708703,166.56117629786618
151,32.19206133464894,5.998649068251781,36.679197688293044,30.92157083217655,171.4216100080561
152,29.900414129836392,7.110762060554538,45.60560489696467,27.497621397141476,108.51027297967377
153,29.831399357722773,6.6406934234445405,62.517235555780424,27.713046484992287,149.5593027199146
154,29.144210566974166,6.352412928539155,39.16525765610486,30.052750426638084,172.43723009588504
155,30.06038136771796,6.898417066696091,43.14645640004259,26.8446526127116,146.2664207537311
156,31.350196529335268,6.208170644972,34.095543330708864,34.96590628967453,164.58127290004728
157,27.915739568578196,6.621986610266802,41.450009300816404,32.19674557115801,157.02330935254167
158,32.77183667482324,6.44821125971275,43.68217299985843,32.36412175502817,156.83320463905252
159,28.942547942446673,6.69160314196409,41.5587387221611,23.169216383147916,144.57370043863406
160,26.808258153053572,6.480927938244164,31.842437442329146,27.603057877971487,125.66838391728581
161,27.811484280557004,6.0647216326666324,41.65089417060361,26.497670256396482,127.56939705149945
162,28.44755825291068,6.522672911801012,51.69756750974109,22.97199312155267,164.18705028910634
163,31.098778361425456,6.814659242562609,43.58908611611622,29.800820919728835,150.38916511037766
164,29.82512265800385,6.491235078243805,47.69589751257473,25.31177121110092,147.2297551078555
165,29.63717982273509,6.7325345364767255,38.10390423989898,31.277019149251185,141.52219915355295
166,30.901795924335943,6.186341154297784,45.99920191538968,22.64904218552834,143.89622309038498
167,28.875256423201204,6.492121762019044,42.23414270573221,36.5952030642091,170.93823588976278
168,29.88092969985778,6.312646863473427,32.392714162502145,23.51833670703969,143.29511836263947
169,40.379738079579205,6.724094252031413,42.548168038391,29.09651168600218,123.17870573396863
170,29.530724698799258,6.509447468678599,32.06642669247751,31.959296551940337,164.87303551080348
171,27.784482684776837,6.707022102900984,34.93695780092166,25.146797848999437,145.90246672270567
172,24.02236568344714,6.82631312784736,41.514626458338995,32.262343217164755,150.62791731065553
173,28.581441675627392,6.707485572536417,42.37795418704099,21.85408201099792,182.1515661279902
174,31.645496272199882,6.581935530288093,30.486140279382965,35.2605884959128,149.58878885298986
175,30.602430804483184,6.200536322446578,48.43188616946301,28.070746324828793,155.7836734623745
176,30.63079496918234,6.49916416679993,44.57605022640378,25.0179429601556,126.42153017403349
177,31.122261443612434,6.34007287939525,34.36217251511293,26.50409113786283,145.6066109529808
178,28.777315181922877,6.396780812988732,27.699321628406597,32.044596346963594,162.19052090417202
179,28.94463141481119,6.387639754774924,38.84076336734855,25.077723540747808,118.89252532317515
180,27.2646962091313,6.206022327565327,36.43245028911072,24.253211552886114,154.0169018623142
181,27.8178542879459,5.912798423259803,40.90512365642418,26.89231701208131,152.01582145289612
182,29.631542299542282,6.29955708550167,37.09506671075547,22.11518943615016,150.8257491117488
183,30.757768874337636,6.558013835577248,23.94034511403992,37.10271953970908,170.74317797316485
184,28.021107448638002,6.095546886371753,36.893224493590736,25.168027043926383,156.68877029697043
185,27.349621470297176,6.5047046709414875,37.5550471114535,32.158083930902016,179.56143796712888
186,28.201055917713195,7.070080527293289,45.06928819819247,29.047350418238864,130.12820968811928
187,41.94696289557309,6.806916966575672,34.414402603111604,23.07732974759016,152.71849134436695
188,25.21229036773292,6.993062452736159,53.429397386980526,27.970226453936352,151.68933572779895
189,23.457638093725524,6.617338363079818,24.70687559478594,31.92001389655374,128.6149101248984
190,26.898926301016832,6.8502529468959334,50.489339982420994,27.058693324568466,169.12590004182692
191,25.508575148171683,6.282810580859664,38.205448232975165,33.96556472925514,196.49346611705636
192,26.883719604705377,6.306697919893405,46.87667897874845,33.10757696390932,149.65987851032338
193,27.55443936236506,5.678257938158758,40.63841187246987,32.59457427329165,160.10042176547535
194,26.893503181953974,6.855843642212689,49.11644428820375,25.701716138635014,151.69036951630653
195,30.65493506894149,6.962097193945966,36.90110428357751,22.600787761092565,135.72830660185647
196,28.35348952920464,6.334046826395819,31.2110365985775,24.932061973186027,113.58479444395968
197,31.93635065320008,6.423814488080829,51.364034298168505,28.981204703333603,135.8845303380927
198,28.844414288086806,6.273841365892712,39.09215483294287,30.728933567661777,122.16083238096537
199,25.272333764438464,6.614796065443247,41.77246778899369,17.14214297619776,184.08204156118236
200,32.078223574840536,6.837479763590972,49.87801531235836,27.95943399194125,147.69780612153522
201,29.79847142692908,5.977168407835688,31.74435806324452,28.790446126615922,143.0816134190566
202,31.240961234482423,6.622831559192676,44.763927181114056,26.612278718422242,167.78307649575612
203,27.70628553391969,6.416998468484256,35.280841948296874,34.4563691950794,127.56497794288224
204,26.69248246796787,6.534018317590006,38.942645154845025,30.108900371254354,134.66271923990894
205,31.38577931605006,6.637698200502287,40.57823172307431,34.550959540404484,151.36144538497243
206,37.721233287775675,6.443539268368154,27.998225108424514,26.92019739824884,170.5753798284696
207,27.845896891284976,6.4689239439782655,33.769303657436524,32.68738746253462,160.03370090337577
208,27.860673837450612,6.435837449733608,50.808583139305114,36.17533197263759,154.96650285031765
209,31.80086956882954,6.791094860536484,47.08952950867837,34.55846724636331,151.56235470472032
210,27.121176214265343,6.625627988038249,39.49888338138212,22.539292032856334,158.0047171105355
211,32.735345906511924,6.566175061321208,41.944987668103145,26.731619612288096,154.0330581025851
212,27.59875853070426,6.118714483672315,37.64605995490834,26.27417647275102,129.4005545044613
213,30.626783851216768,6.386426077036054,50.85266708662385,30.44627267538164,150.92158443266302
214,28.642763048502033,6.769600748101753,38.39717937764669,31.431767775072665,128.52622682164494
215,30.456374862164687,6.511308971937177,41.85473673707878,23.80553662987132,151.62165085801647
216,28.111771995771615,6.697859440876742,49.16824115313652,28.33919256958469,140.38704117023516
217,30.571650953068783,7.02995354009829,33.78102812123275,17.900363339219318,200.78763245565722
218,29.181838350791445,6.811581820762645,52.47031347597515,35.20972502900945,149.20211232496575
219,34.734276300385844,6.527947501309923,27.756308722052985,25.43812879661653,121.91520867476822
220,30.481648690840252,6.346703248941282,53.03713704890239,28.279319699222484,147.3163957864615
221,27.92357286705683,5.73393512118323,37.0185953283842,26.451751430059694,160.38717491275776
222,28.442800169319963,6.449484523258144,38.05841001739775,33.73013787506707,183.46727892305046
223,26.861301250782976,6.402196251254945,24.87991863053646,13.812467793013106,138.21095200122562
224,29.969902297587204,6.617109858318613,36.361642260978456,27.916948288370456,118.3514405195272
225,28.36794447479966,6.453828431907594,31.681547751784926,27.47090621251151,166.33674022861962
226,33.52523084322583,6.403884482168961,35.13882923701222,25.731818062041587,122.38802588200699
227,30.219208575796046,5.966180320847834,38.901512273688965,36.63113272817816,141.2768911698503
228,28.561479240531213,6.21800965125498,47.662332915783246,23.563352705721144,144.84759028978013
229,28.024218341583467,6.642995312240167,41.660826811205006,31.858980886178305,148.60733093399784
230,28.544931785624094,7.014772289339808,42.46141322720891,29.78126394353042,163.7832891414867
231,29.54423823035042,6.470742384876313,31.2358448892355,34.30759626267758,136.32731435427223
232,26.03837436938231,6.598343322072237,32.95396728317816,24.664054576112473,144.52541495666478
233,30.578643389337746,6.785743447085841,54.389800146810494,24.335155504381206,149.71459294101223
234,29.730762630882488,6.256731819139925,34.11839172189403,33.48034953738699,152.99195915037575
235,29.68637145141587,6.610044212985633,53.24966601645836,30.126606541650553,151.95654349415847
236,29.076951477619453,6.277852968100352,38.05551040895307,20.27531326661621,158.7201155044516
237,28.189233315387977,6.759447331547303,40.01830348914803,25.30347492768365,166.87679019283473
238,29.445722471933642,6.54542091438552,48.56292128183944,29.931913269240304,157.85268231301936
239,29.233628267482757,6.589535544194432,50.175139375509254,32.18882110773295,159.07171047018437
240,27.29191857811795,6.2652204207744235,39.1134995177673,24.603846734035223,118.35553666507045
241,26.8027964542062,6.7121097078832355,36.89405557182769,13.428720050915295,151.0045539833136
242,28.103712590523973,7.125413876369305,39.55263641182229,30.616115928685165,159.59015096003216
243,30.948040302990375,6.197626491371538,42.70366022585694,21.898396550280122,164.578823891409
244,25.321785848692198,6.398072297705743,47.130429494958044,17.913306009387945,136.1529845153241
245,24.81494946849512,6.5694822422504275,40.033838871953215,13.838370375079297,136.8192145022271
246,28.02952168247303,6.735921863598745,44.95109038418523,32.0699043009887,138.51798649432803
247,27.751775403712035,6.332136114413159,53.10687785816753,28.643087252024834,160.72827799782686
248,27.946683328740818,5.650090912957178,43.050476898118276,26.87171809643874,170.67762109848417
249,28.037906395817,6.907756848249208,42.49322284803823,34.94512181481381,141.85079785416798
250,29.55359549073039,6.728151835875242,27.848713399279458,31.186623415115363,168.15924627254097
251,32.92972687720416,5.977115740854001,18.954158905367493,36.08150021360959,152.46959618329188
252,33.94961498302877,6.3177293624661335,43.10700583384135,21.036322639165018,147.51428445675128
253,28.19300595043951,6.970454728858198,39.241406149753026,27.82724688023018,145.77231540364062
254,29.593490479701906,6.93433892553736,35.88173860068206,19.91643312525993,164.93222729204314
255,26.463622377691664,6.781592006803684,41.94824163349076,26.853088340722664,156.5115563357414
256,29.348291191135857,6.447166269812041,39.516770166424735,26.756920731166613,195.51650855295276
257,32.97294033145604,6.524896225643753,49.02224200507119,31.133068186315356,132.95550714005353
258,29.641772976591923,6.460722258462162,40.688886946071825,28.227819405709493,160.36203404059953
259,30.011401811437366,6.838471934980651,34.02461371943866,31.11703569139958,139.41597980376974
260,26.979670469654838,6.237247278051467,47.92132991167431,31.51720066569447,132.61426026022713
261,28.217277183921045,6.258260103534739,38.26295140043038,38.77464338691571,149.78265725930055
262,28.649607239352125,6.803082376050805,44.21229346937846,26.423516723569378,152.74704958814073
263,28.714569806487532,6.486691563346532,36.1807143504576,23.294886496668106,208.36347110120187
264,31.863287590007538,6.913540206636142,34.80138491602051,29.230418076582044,146.31708368633596
265,30.36538212145025,6.298546337905837,40.67334584148557,23.988599864302284,127.39642541030634
266,26.977084086125934,6.483566491898353,40.10262914834948,35.40980384218268,155.4602143498877
267,29.64300955686401,6.223276104546814,43.838616282934666,26.583909805273837,108.50719924907264
268,30.096443496993572,6.50220880442707,37.85083397352206,25.17211816063005,148.1608643479147
269,31.330298077042535,6.056435918900361,25.30912172983682,25.64342139424441,150.3205056459032
270,32.161081373136746,6.353709973713511,36.53780893129289,31.592087117358204,165.89200765890422
271,34.82833936714874,6.069123840521565,46.35054773715053,27.211265083842573,169.47244498855693
272,27.27828497757932,6.7081769699573774,37.62099136605515,24.79166589934809,139.92860762184566
273,26.33484428217077,6.714976801927896,38.02893277988362,36.32675958811765,146.98771970740134
274,28.33196028178604,5.980921180854697,47.8910120472475,23.71915079669125,134.67758338778657
275,29.68271674889267,6.900165723650172,34.304214181928614,28.17783037016497,127.43874890384612
276,30.674669033178205,7.249224537925956,27.657574254056804,31.26153075805115,156.1978955876127
277,28.498097952714954,6.513801916020903,38.71495104379605,19.843324447914632,124.52828902806802
278,27.960304953490315,6.307665721932606,36.126608390010105,30.401302507029627,141.70746198856273
279,33.163875246503466,7.347299177300914,32.27002944197397,22.72446162259775,130.09652080201525
280,41.291216954617724,6.104309450509247,38.596972352810475,32.11391390417001,160.9936637258052
281,32.62907744338955,6.50603194006073,43.93204517797427,23.18674494040512,186.02860198532977
282,25.18467794576388,6.553886681789577,39.92569150745747,31.463845159244304,123.96824034393337
283,28.71948115779145,6.903544286135724,42.4558485814899,33.529165331473564,112.93963034204862
284,32.34721243845928,6.607921692538037,54.507261588123384,32.30718262816403,147.50226229299867
285,28.263599689119996,6.350409831263464,37.25696910753949,29.256583241190512,150.31395591915518
286,27.81992192999701,6.214644688883613,42.226789077157356,26.8434952853515,154.37318613514594
287,27.435109154379145,6.397453453926159,35.92629309920692,25.11790211832578,141.0735896953131
288,27.739216636475184,6.197921791716457,33.22912224090422,35.35517345408552,145.98721402349136
289,30.79569694935306,6.514347595935405,35.32073877265784,24.502523899161783,157.35020821081204
290,23.576276177340986,6.330741146041854,36.16993142782649,22.81466963215002,170.8086178528968
291,31.016867402592652,6.051788662013075,42.87580638037701,31.32684467516415,110.89902459363435
292,25.05208569509971,6.876543736512471,58.792606293606056,24.019315984067525,142.62121121937076
293,27.316695341531172,6.350698242971288,34.27165250979328,23.249682512669363,154.27617587882128
294,26.941511159402676,6.119558958507406,36.6669975550763,20.781978689151174,131.64047790778528
295,28.92710653954144,6.449522259653738,39.495015895110015,25.585450802697412,184.623392635346
296,24.503751296232505,6.520511469790297,43.166390789677976,27.586424880517534,137.29180239542526
297,28.574345332163883,5.97605998232629,42.10840649563828,29.215458638303495,149.17414625985435
298,31.648619246573706,6.599494300137729,50.272766351584934,32.75653122149742,161.12044193684582
299,24.82365199081438,6.185852729392921,20.588863435718334,30.634489618328967,138.1743042239621
300,30.379412335220792,7.013308642757236,20.90456103843462,27.045638902234103,113.06853904391166
301,44.38175164063992,6.657188153623021,36.032974623918804,27.0090216181014,141.42690946166934
302,34.75044911396377,6.380030002967205,48.77840150034967,30.550787344575916,170.5888111185408
303,29.888295554831505,6.276449668904795,27.47481574715523,34.36285081464285,143.26209746429723
304,28.517026181911383,6.468509687730913,15.938941282449942,28.631570997416002,133.07131397082043
305,30.725744569742147,6.6838372224749865,44.56943524975367,25.654345728947956,168.51344419005443
306,33.308696219573484,6.49235176142444,41.94925778962172,23.035669994572274,143.38450207953895
307,29.2681924165454,6.434852357858943,31.278332745604562,20.773973677938873,139.79678372699564
308,41.57840175854344,6.517511087245369,32.11568319423256,31.331348360217618,152.98912179326618
309,26.963454084257673,6.318842320628914,32.2420502429226,30.889892618197784,165.41500419237576
310,37.226401874078036,6.3970382219470885,40.88428253979152,30.886817625533308,197.63427063465093
311,30.394812555760755,5.874262268328499,34.98947779053594,27.35670276823972,166.54472215314846
312,32.36823205707193,6.79211786925571,43.952511351804155,35.03467372945875,173.19679932776688
313,30.06122669757132,6.589639334096528,17.16298669676487,25.57940752707591,139.8806760202429
314,28.673883938953693,6.267963246789971,33.145185078977605,32.77634618603603,129.48263788061047
315,29.24858281084671,7.069620494406571,30.9915683127116,27.806285525052285,151.24662699238246
316,26.699184532060563,6.526104944117716,37.94927457302006,24.95824617660331,152.14339830519194
317,30.359030652710732,6.189156928407441,35.69561793207889,30.962651536588808,128.42974517270807
318,30.86466612464682,6.757021226441138,46.382750239166135,30.048180593419968,146.49410940191973
319,28.14581933433384,6.619414464952778,25.12530582671954,29.78486379633463,157.9863520343826
320,28.059915704480996,6.618373995645266,40.363931810646015,28.406392110280994,157.2078679003616
321,29.481756459304098,6.372273318604523,44.46669138569364,27.810534591415845,160.08575706768545
322,28.026560527918807,6.6351487171334105,54.85317949249564,39.94185996435219,155.81929460274887
323,28.717734770748358,6.421472512933672,36.1458722312522,33.921283225980865,139.85982681459888
324,32.99944357833303,6.666782435493753,42.59566883482014,31.61413447492756,139.72198746702313
325,34.51400311622863,5.928516663796809,25.569097659501082,28.55899579101694,126.02097204012247
326,27.983319695957555,6.369837961106243,20.86435036549581,33.03578600298334,185.6955007837019
327,27.35491638872968,7.0166465293424585,46.7581950062536,30.58997388195726,150.26900729238585
328,30.088383942999876,6.26987976337991,39.95551765081544,28.13102376387018,145.50293888410297
329,28.187551653563794,6.318848510752044,49.42810151838738,26.482178373670425,131.42415837095083
330,27.201253923357147,6.365611598465008,29.01277688824201,27.59541331168656,208.71315804655558
331,31.092608064546024,6.135558159233407,44.15921711623002,12.147871320609722,128.5334393555421
332,37.09535222857108,5.837515767131524,54.950542724350825,29.05300419648821,141.42304148787852
333,27.14915286852259,6.430824080442916,43.357644866858124,25.557619599448202,158.3167367257212
334,24.566920097278768,6.540757827224497,42.21265204472839,35.96334999141442,162.00425931488556
335,30.265027379673846,6.4842484794384045,40.068448646594796,28.09672035405877,169.1586411043137
336,26.830740348479992,6.456536431415634,27.432948342992702,22.055182902325193,186.15217015538525
337,29.731251198325538,6.512912261255116,50.84458348568278,27.750599229359413,160.12315310921426
338,24.15979236457633,6.806852441465229,35.11313888155947,22.769394574687478,128.87938400066665
339,29.83519467659862,6.442866144221235,44.03586605106413,30.367037078562333,144.86109749756437
340,25.57765614143844,6.327775226873819,27.49572554742997,29.454736821697427,156.1566474502777
341,29.411528238133048,6.415662354533574,30.564322683937757,32.789198155541335,191.36452083011648
342,27.928546135672867,6.673804027927033,51.48069919377788,24.045591041527175,122.04389043151406
343,25.94212116120671,6.923608063562975,37.22158168833726,28.170040481140735,174.05153010450454
344,26.98592737414644,6.311556878249246,51.62620380834036,21.174891022866824,153.59828739092833
345,29.1226369139134,6.529680136108665,39.37415472753186,31.507473909623574,166.7566107045896
346,27.911788906230466,6.601507232580788,25.264817816337143,30.59435590220061,147.96010566728137
347,28.818825960944967,6.202226597981353,47.13654079785376,30.479025105137854,133.15134739747347
348,39.8330898214837,6.506125150163875,35.28086145795514,28.008095156784705,165.01745558802665
349,24.4215167765779,6.060297842797372,45.58951050813635,30.073864453943955,163.08862054211244
350,33.234425149937245,5.969284908878181,40.201686940320656,36.02169554154298,169.44113931479444
351,30.158711875046425,6.610023922367677,27.655054176457035,26.57452871478993,149.7339072924273
352,28.102431903353743,6.3848375776007655,41.31435812296455,28.69322591855042,138.003559533603
353,27.189372748522022,6.560684122286366,57.5697851372224,22.56936850409295,118.82426009952317
354,38.180085684840904,6.494631506897495,43.943891668115675,23.658695192008338,166.38746536278813
355,31.593300223848917,6.207079985400861,39.539857975956295,28.489066465466536,158.4777896488797
356,29.44490175924493,6.486423709410699,48.602747215655185,33.519667733509536,130.68434734272083
357,32.67230986049469,6.1300696084955435,41.685347721624886,26.71859587874214,139.22852653406753
358,32.08134588738719,6.9172917074004205,41.676273842102354,26.82041735343938,140.6648237609712
359,29.525822104307892,6.093208896542011,31.26699862272718,25.965573777478127,120.34031136035163
360,26.99521311117376,6.441264418709426,41.870784206316785,25.326216645778384,133.64635206789734
361,30.177263765249936,6.187318523585826,48.283547331335555,29.474857278544107,127.32339286387293
362,31.1737747801946,6.671126352008239,33.3115027831998,20.513711774106778,141.75041976224128
363,28.508476412637894,6.400570588615549,51.395966569975585,34.40469788333364,135.22605003340874
364,24.09157228674573,6.344399984113637,39.26635180683899,24.672888509352696,117.45990158266503
365,29.64789629359299,6.755960463515466,32.89784390769167,31.609517427190706,190.45180461138963
366,30.073477103467017,6.508829177503266,47.98105661536196,21.65000701303062,175.05081462058462
367,29.958589509923392,6.65499333378079,37.705646114093845,31.34420065273109,134.41961156960028
368,31.571564383644308,6.205602219044761,46.076119099888864,31.359723039072488,155.4484279330722
369,26.907892640701903,6.078554916821748,37.665930941931705,29.921010360029484,158.3493017964259
370,30.3604322109009,6.53216238861204,39.52139085176077,23.02785739100104,173.82171709546952
371,31.33501502495595,6.404346093351581,43.94848163467433,29.247740947990387,133.62789946679843
372,25.342824831986967,6.687930401736184,42.32717646072005,22.084719076328057,171.84213567964852
373,29.489303651837957,6.476027464201235,24.035745756386092,26.736183724519073,139.0418939158613
374,27.791640337984656,6.561522601770389,31.030050079244866,33.14706550477663,123.28275191662773
375,28.58695465379671,6.012985241017627,47.435279878326526,31.98350963535371,164.48273118628995
376,29.395352967076672,7.066531081884277,38.94290728878762,28.075914712702165,175.81516848244857
377,27.675542871772894,6.45072740449039,35.810149577828625,23.12596712038579,201.7581794706137
378,27.248583841676776,6.70927609110176,29.131407877940205,31.227938560870967,126.00549469819573
379,28.61830483497605,6.249172498934112,31.362109429793215,28.096906188490127,163.97839370161577
380,31.355625779482207,6.592402970665202,23.82561088030442,16.398422008847884,141.80397512412935
381,26.27834974222963,6.109146570942577,39.189754250387736,31.913149131582593,165.66717421048062
382,29.758746565913004,6.635620351477901,35.212499355351625,27.87883583065154,120.59020897537499
383,26.05241192968269,6.39320777468425,32.26729687211748,34.01225623991536,124.74460448602872
384,29.632625001818425,6.50875715118067,39.455012598656374,22.523647405785976,134.48250353667032
385,29.1751825857079,6.709392209039029,42.911765046821905,12.116480934019997,151.57928091336169
386,24.748386542418807,6.130237906633916,56.74558345767956,29.395419291725926,137.17837466923288
387,26.79487069532869,6.294652480816161,27.90493264349429,29.457818383409865,163.1810868782684
388,30.488218806094746,6.63719728432603,49.275048346404176,19.546641861967743,170.53789236515829
389,26.087668937720636,7.129466442364024,47.78481248812058,23.10750227066697,161.9915508249071
390,27.071191475381223,6.458575299601556,33.767258084986395,41.77608871859951,182.37575279321737
391,28.874121786503792,6.67734083537718,41.62588763668825,26.471946929230985,158.31653258910686
392,29.46678101856519,6.467908559042456,36.33893400529908,31.65479488188108,125.66206579319666
393,27.34692222791101,7.0826736784268896,41.48550864334991,24.746700863158082,177.2675302707668
394,26.604979610616716,5.975833499910423,52.0730481072364,17.548485505734217,137.89687528788005
395,30.594739723397016,6.528386313400808,44.844849861050506,27.148708766020473,168.20836999371141
396,31.177799327595157,6.012336789931382,44.06886698586754,26.671977198569476,181.47468433110214
397,29.60771610156359,5.748028528838985,36.55752544036286,26.000608806658143,159.13376021460797
398,27.77063628513005,6.589238615935345,28.12754668060532,27.426795822468037,120.07682373670701
399,36.61882886252001,6.541849338844238,38.332254315676735,29.32134135822818,131.63575666980418
400,37.191897699837625,6.4145489186773395,49.65286523891132,27.24941524373097,176.4548893377027
401,30.995028210531515,6.468141772988074,27.78265714728282,21.67996916026318,146.61754628714368
402,30.736796441777365,7.429489830221377,31.55928505458644,30.430923957809696,151.59147069884332
403,32.65319718589286,6.42254745859057,41.01014188987254,18.253141223387885,165.1764883232722
404,31.10090018507228,6.653037308375023,32.1227617212219,17.748212713579,163.92645724160647
405,26.743839396480364,6.3051905541158355,33.6598124230783,31.69590247350784,155.5759962477092
406,31.803895235445836,6.588569772512181,36.611211346174585,30.535101360676784,145.82663257559068
407,27.653878745371173,6.4285298974833145,29.075060766478806,27.71302317462982,143.74663108535285
408,28.8320574560953,6.376844455181081,32.20702523026905,21.02275747622464,167.15797650582687
409,30.05040041250339,7.045669559660097,45.62742333429847,24.460445296629622,161.07139062135587
410,33.49133497956793,6.853155488955302,29.541041742152288,26.68626626156748,144.85399998764422
411,35.66983711201072,6.541023994219769,27.2170229240413,20.020530157129432,171.64224625986282
412,30.613446118272364,5.80873641921681,34.95980016372884,24.304856709883836,147.41931769740432
413,28.983606762559226,6.391697233024229,45.85564402007876,31.261651690883397,132.96675651331213
414,30.3690112969611,7.310908269321525,38.424625536024884,35.13652682144608,134.8205860219331
415,42.60546410805213,6.430801500008087,36.28335137507506,25.90282623670725,130.4251832738047
416,28.558664748885615,6.830965271616098,40.35487038012486,31.78244177158049,144.55179966792625
417,32.74042271182464,6.93258272058578,26.034340537122784,18.429699647062662,174.67448556672386
418,44.00902403140451,6.565689174756793,43.95764523020026,31.297256205568058,133.8980963793898
419,30.045486178182788,6.247453510439554,43.067480251229156,23.980257926362594,153.76951522036205
420,37.2577259124856,5.769406300465134,36.72553220723423,29.53672808353985,136.86621308745174
421,29.793173221228912,6.7052489625826865,48.04739609437134,26.761237908801455,144.79381917457124
422,30.57788100093922,6.255573199152936,30.980031208375692,34.602070048919174,119.79917576029496
423,27.615493626906154,6.552845135566308,49.02327194602855,23.62782175830041,145.58923541686926
424,27.68339649210794,6.125053898123191,41.23594932476201,31.138031487809155,146.12589240390076
425,26.54969153405661,6.4204287378589395,37.307579280974615,26.60246268351733,160.8057588807139
426,29.579002461240453,6.510115716470316,39.84101091705351,27.20847260995168,154.46561826510742
427,30.207873007024226,6.58057807431329,39.14188187351247,27.08073053420395,126.0321575009591
428,29.515545732303774,6.165553343794276,49.762263171341736,23.771634477529435,171.68396488087086
429,37.298974543401236,6.859073284628406,31.38656698023189,27.92950517046664,154.20606080443991
430,28.488807962341905,6.320931564580409,33.89984608682721,27.68675888939089,153.96787034354972
431,29.787483311185024,5.997659161864027,48.29042313657984,29.206201242033647,149.81635293229724
432,26.21659824772137,6.467292974010961,35.23572051852913,28.42252572846431,139.6448510555556
433,27.5758005950512,6.510312592707938,47.20426461865273,31.98997274806118,154.35604679497453
434,29.691075515131555,6.548176829951528,53.595487864069675,32.61754308023684,159.51176871857166
435,29.94820422148629,6.908639721105524,36.78563978446693,22.746883390860994,115.0620861730889
436,27.612066104671634,6.429065348979242,45.450898612602444,32.343862502953854,139.2247832530781
437,28.006801496283863,6.464114112689368,30.770461749281132,22.068317864450727,144.9010605919282
438,25.064252506638383,6.169044685630072,46.037866384542475,30.939279440688676,155.12341211388556
439,27.335941598386782,6.7461660508663694,41.59539188789414,31.098693923514343,173.86622011854251
440,29.780766327039572,6.555292719223431,43.78430625728172,18.44341554168748,134.56518370806435
441,29.100410032213134,6.373991681811751,34.83542342371684,28.46489623264705,140.04076306364317
442,28.90133144276242,5.928597591960361,26.71133267546262,25.65751943319842,139.749317787069
443,27.94954737436192,6.933323658516526,44.02601651799604,24.206173710323124,133.96944819790917
444,27.814126317256353,6.131696010663183,23.492774780164364,34.75426165349503,143.05627009775475
445,26.429357721053105,6.322616597189088,37.46119606205972,24.731604296812904,165.41604439975941
446,29.09765684040507,6.607503353322801,47.52945493135976,23.96811535440975,128.9232900927131
447,28.964549706788222,6.141032621414994,41.53518188698429,28.378474700025468,158.55628790305806
448,28.5840376959856,6.051947066524057,55.5867411583185,31.42794873149208,115.9619553996333
449,26.49793031466484,5.862815725189801,48.20087322065419,27.291757069949366,138.77324007115587
450,34.33273972824712,6.7162990858716904,34.76881289339539,33.83185272834626,143.41021399564028
451,32.14430542350739,6.336444126582103,40.21850703881151,30.654878309820454,183.4971934582813
452,28.94232508798319,7.378181027741999,39.62103437964451,17.10894340134285,144.50395390494623
453,28.12444847191376,6.2016934803107375,27.342585893230982,25.35266518246496,105.97513053098163
454,31.18695782382799,6.2235646929713235,32.47680866812517,25.190789503241504,110.02222186277501
455,28.96597472016174,6.33038210891438,35.51391274416112,30.39680476714711,150.6805917269336
456,37.23496352871803,6.572940396541547,23.710235977152507,14.87591471812944,162.27541711579818
457,30.884011899153393,6.3589389983644065,40.379947746013144,40.74504854358861,157.50911715254506
458,30.967138646400958,6.683699664200754,38.007425242775675,30.65513047447105,153.3514021160198
459,26.81808857759893,6.2064234830034035,26.616848789507408,28.744384019588455,173.24519195011334
460,31.9238879707728,6.085522484460926,43.233702922218654,33.907838582095735,139.20817558525738
461,29.97250106246771,5.960535578177268,45.72698195752768,39.71827026406312,167.8982111205365
462,28.661445721507594,5.832927749618841,41.81627583091911,32.35373322294202,117.35970229947165
463,29.636776934684505,6.344579294157483,37.407454598328236,32.7440654823581,131.90104334123868
464,25.74752953420336,6.409705906282033,44.731537214014836,28.65345012232191,113.85917210136367
465,30.067305622961342,6.310568891755045,45.44176288381353,27.29237123316526,144.50309398660414
466,34.60402201775367,6.873021739156148,42.459228557757505,25.621022779975494,149.07477565467315
467,26.44465942831293,6.86840906288244,33.40310199652191,23.86944004142729,152.2820298445304
468,26.05528162756422,6.3995591037666495,42.21280612408945,24.56492950150251,151.2376670577427
469,31.275376749979852,5.961823666042411,49.56384520660383,21.247220178285083,131.44893338376545
470,27.741473212614423,6.329988467583484,35.226967531106155,27.620642746574884,146.19518311173567
471,32.017455419833,6.320053581824881,56.783514713059446,19.576662113868068,120.05106662788504
472,27.828397073895403,6.302859511316583,35.79495252811692,28.954582620718554,177.264579502645
473,25.435284084814107,6.290684328830527,40.25925610672109,27.81834695978829,143.92747854203998
474,26.566951120102683,6.303961131282557,34.62011523194931,28.73467649193344,140.22227761912617
475,31.221623240013876,6.384037515230672,41.78616668736208,25.38934214990004,181.77880656888166
476,28.388203644126666,6.309337670355333,26.0622264589178,43.38430185090252,125.15506932901542
477,27.553425407018796,6.562496752587678,35.63166560946623,34.80057950090156,127.48825771936062
478,28.920036451705577,6.608110614771459,31.263030397211462,21.777287499576385,128.0755935026287
479,29.55356547233509,6.226806473845253,41.08270678313833,29.16434043713449,148.64257236601037
480,30.734797631804923,6.88131959780211,47.95557900407126,24.95996928531338,158.63263259275195
481,31.34699845978585,6.205981309447816,45.16804949691641,22.92760136646293,164.79350936235667
482,27.680462708421828,6.014659815855399,21.02672511312886,21.299639644380328,201.4399063498994
483,25.697904627835925,6.614233421409516,56.33655722342304,30.16108345379627,105.01135091598472
484,28.739316908869647,6.2547775596756985,42.362239524966945,24.59309882465213,162.17471178248834
485,28.77056101316577,6.5963874412272165,33.788006876055995,32.83913012012602,138.85738854855538
486,26.272482147578778,5.778899419669841,41.25702335192753,32.9689110726522,138.27169702222454
487,26.23569817020991,6.91773678244492,41.40951858002154,34.86957192605725,137.60455743492244
488,28.787575763099774,6.701688022412121,34.66521026438749,23.738066169629484,131.82460658384053
489,27.952695296859098,6.049857035251099,41.5833333387366,30.376828053460052,183.69049669206902
490,28.065593990823174,6.056366862846114,35.14022169903754,31.162271083211504,166.84594654027805
491,26.43300933059986,7.001679771229258,36.76510405847982,25.629109124480177,150.4639195711475
492,32.20078449190188,6.278786028950613,34.509766913959325,24.141140213035627,177.02031504974002
493,26.00153371146339,6.249744545380213,28.538629682082778,36.047603328879866,119.74942069402249
494,29.580396822249575,5.820184371755215,41.16669176172307,29.13747937866027,123.38589737338148
495,29.820498669447506,6.394766538319534,44.6823954921307,31.17983875355869,106.44064535610624
496,24.00762427552381,6.431684115549274,44.11906876861098,23.889619940860364,136.01170919753426
497,25.790978279615178,6.714647929030845,46.55940202108187,21.90357766738903,153.23397053409505
498,30.861397927713565,6.080276471544657,42.594721680118944,25.152751127539446,152.05717155864667
499,33.81151291548287,6.043913962327817,35.73819601426477,27.379893063050016,152.98683822119762
